file,title,meta_description,canonical,og_title,og_description,og_url,og_image,og_image_exists_local,twitter_card,twitter_title,twitter_description,twitter_image
"airport-transfer-en.html","Private Guadalajara Airport Transfer 24/7 | Xalisco Trips","Private airport transfer in Guadalajara (GDL) — 24/7 service, late-night arrivals, fixed fare, bilingual driver and meet & greet. Book via WhatsApp.","https://xaliscotrips.lat/airport-transfer-en","Private Guadalajara Airport Transfer 24/7 | Xalisco Trips","Private airport transfer in Guadalajara (GDL) — 24/7 service, late-night arrivals, fixed fare, bilingual driver and meet & greet. Book via WhatsApp.","https://xaliscotrips.lat/airport-transfer-en","https://xaliscotrips.lat/img/destinos/aeropuerto.webp","yes","summary_large_image","Private Guadalajara Airport Transfer 24/7 | Xalisco Trips","Private airport transfer in Guadalajara (GDL) — 24/7 service, late-night arrivals, fixed fare, bilingual driver and meet & greet. Book via WhatsApp.","https://xaliscotrips.lat/img/destinos/aeropuerto.webp"
"airport-transfer.html","Traslado Privado al Aeropuerto GDL 24/7 | Xalisco Trips","Traslado privado al aeropuerto de Guadalajara (GDL) — servicio 24/7, tarifa fija, chofer bilingüe y meet & greet. Reserva por WhatsApp hoy mismo.","https://xaliscotrips.lat/airport-transfer","Traslado Privado al Aeropuerto GDL 24/7 | Xalisco Trips","Traslado privado al aeropuerto de Guadalajara (GDL) — servicio 24/7, tarifa fija, chofer bilingüe y meet & greet. Reserva por WhatsApp hoy mismo.","https://xaliscotrips.lat/airport-transfer","https://xaliscotrips.lat/img/destinos/aeropuerto.webp","yes","summary_large_image","Traslado Privado al Aeropuerto GDL 24/7 | Xalisco Trips","Traslado privado al aeropuerto de Guadalajara (GDL) — servicio 24/7, tarifa fija, chofer bilingüe y meet & greet. Reserva por WhatsApp hoy mismo.","https://xaliscotrips.lat/img/destinos/aeropuerto.webp"
"blog\excursiones-desde-guadalajara\index.html","6 Excursiones desde Guadalajara en 2026 | Xalisco Trips","Descubre las mejores excursiones de un día desde Guadalajara: Tequila, Guachimontones, Chapala, Tonalá, Tlaquepaque y Mazamitla con guía privado certificado.","https://xaliscotrips.lat/blog/excursiones-desde-guadalajara/","Las 6 Mejores Excursiones desde Guadalajara (2026) | Xalisco Trips","Tequila, Guachimontones, Chapala, Tonalá, Tlaquepaque y Mazamitla con guía privado certificado desde Guadalajara.","https://xaliscotrips.lat/blog/excursiones-desde-guadalajara/","https://xaliscotrips.lat/img/hero/portada-jalisco.webp","yes","summary_large_image","Las 6 Mejores Excursiones desde Guadalajara (2026) | Xalisco Trips","Tequila, Guachimontones, Chapala, Tonalá, Tlaquepaque y Mazamitla con guía privado certificado desde Guadalajara.","https://xaliscotrips.lat/img/hero/portada-jalisco.webp"
"blog\index.html","Blog de Viajes y Excursiones de Guadalajara | Xalisco Trips","Guías y recomendaciones de viaje desde Guadalajara para descubrir Jalisco con Xalisco Trips. Excursiones, rutas y consejos locales para planificar tu visita.","https://xaliscotrips.lat/blog/","Blog de Viajes — Xalisco Trips","Guías y recomendaciones para explorar Jalisco desde Guadalajara con Xalisco Trips.","https://xaliscotrips.lat/blog/","https://xaliscotrips.lat/img/hero/portada-jalisco.webp","yes","summary_large_image","Blog de Viajes — Xalisco Trips","Guías y recomendaciones para explorar Jalisco desde Guadalajara con Xalisco Trips.","https://xaliscotrips.lat/img/hero/portada-jalisco.webp"
"chapala-tonala-en.html","Chapala + Tonalá Tour from Guadalajara | Xalisco Trips","Private Chapala + Tonalá tour from Guadalajara. Artisan market, Masks Museum & Lake Chapala riviera. Transport + guide included. 9-11 hour flexible itinerary.","https://xaliscotrips.lat/chapala-tonala-en","Chapala + Tonalá Tour from Guadalajara | Xalisco Trips","Private Chapala + Tonalá tour from Guadalajara. Artisan market, Masks Museum & Lake Chapala riviera. Transport + guide included. 9-11 hour flexible itinerary.","https://xaliscotrips.lat/chapala-tonala-en","https://xaliscotrips.lat/img/hero/portada-jalisco.webp","yes","summary_large_image","Chapala + Tonalá Tour from Guadalajara | Xalisco Trips","Private Chapala + Tonalá tour from Guadalajara. Artisan market, Masks Museum & Lake Chapala riviera. Transport + guide included. 9-11 hour flexible itinerary.","https://xaliscotrips.lat/img/destinos/chapala1.webp"
"chapala-tonala.html","Tour Chapala + Tonalá desde Guadalajara | Xalisco Trips","Tour privado Chapala + Tonalá desde Guadalajara. Mercado artesanal, Museo de Máscaras y malecón de Chapala. Transporte y guía incluidos. Reserva por WhatsApp.","https://xaliscotrips.lat/chapala-tonala","Tour Chapala + Tonalá desde Guadalajara | Xalisco Trips","Tour privado Chapala + Tonalá desde Guadalajara. Mercado artesanal, Museo de Máscaras y malecón de Chapala. Transporte y guía incluidos. Reserva por WhatsApp.","https://xaliscotrips.lat/chapala-tonala","https://xaliscotrips.lat/img/hero/portada-jalisco.webp","yes","summary_large_image","Tour Chapala + Tonalá desde Guadalajara | Xalisco Trips","Tour privado Chapala + Tonalá desde Guadalajara. Mercado artesanal, Museo de Máscaras y malecón de Chapala. Transporte y guía incluidos. Reserva por WhatsApp.","https://xaliscotrips.lat/img/destinos/chapala1.webp"
"en\blog\best-day-trips-from-guadalajara\index.html","6 Best Day Trips from Guadalajara in 2026 | Xalisco Trips","Best day trips from Guadalajara: Tequila, Guachimontones, Chapala, Tonalá, Tlaquepaque & Mazamitla with a private certified bilingual guide.","https://xaliscotrips.lat/en/blog/best-day-trips-from-guadalajara/","6 Best Day Trips from Guadalajara (2026 Guide) | Xalisco Trips","Tequila, Guachimontones, Chapala, Tonalá, Tlaquepaque and Mazamitla with a private certified bilingual guide from Guadalajara.","https://xaliscotrips.lat/en/blog/best-day-trips-from-guadalajara/","https://xaliscotrips.lat/img/hero/portada-jalisco.webp","yes","summary_large_image","6 Best Day Trips from Guadalajara (2026 Guide) | Xalisco Trips","Tequila, Guachimontones, Chapala, Tonalá, Tlaquepaque and Mazamitla with a private certified bilingual guide from Guadalajara.","https://xaliscotrips.lat/img/hero/portada-jalisco.webp"
"en\blog\index.html","Travel Blog and Day Trips Guadalajara | Xalisco Trips","Travel guides and local tips for day trips from Guadalajara, Jalisco. Tours, routes and planning advice from Xalisco Trips to help you plan your visit.","https://xaliscotrips.lat/en/blog/","Travel Blog — Xalisco Trips","Travel guides and local tips for exploring Jalisco from Guadalajara with Xalisco Trips.","https://xaliscotrips.lat/en/blog/","https://xaliscotrips.lat/img/hero/portada-jalisco.webp","yes","summary_large_image","Travel Blog — Xalisco Trips","Travel guides and local tips for exploring Jalisco from Guadalajara with Xalisco Trips.","https://xaliscotrips.lat/img/hero/portada-jalisco.webp"
"foodie-tour-en.html","Guadalajara Food Tour | Street Food Crawl | Xalisco Trips","Private Guadalajara food tour with birria, torta ahogada and tejuino stands. Local market crawl, guide included, from $50 USD per person. Not for vegans.","https://xaliscotrips.lat/foodie-tour-en","Guadalajara Food Tour | Street Food Crawl | Xalisco Trips","Private Guadalajara food tour with birria, torta ahogada and tejuino stands. Local market crawl, guide included, from $50 USD per person. Not for vegans.","https://xaliscotrips.lat/foodie-tour-en","https://xaliscotrips.lat/img/destinos/foodie.webp","yes","summary_large_image","Guadalajara Food Tour | Street Food Crawl | Xalisco Trips","Private Guadalajara food tour with birria, torta ahogada and tejuino stands. Local market crawl, guide included, from $50 USD per person. Not for vegans.","https://xaliscotrips.lat/img/destinos/foodie.webp"
"foodie-tour.html","Tour Gastronómico Tapatío | Comida Callejera | Xalisco Trips","Tour gastronómico privado en Guadalajara con birria, torta ahogada y tejuino. Recorrido por mercados locales, guía incluido y desde $50 USD por persona.","https://xaliscotrips.lat/foodie-tour","Tour Gastronómico Tapatío | Comida Callejera | Xalisco Trips","Tour gastronómico privado en Guadalajara con birria, torta ahogada y tejuino. Recorrido por mercados locales, guía incluido y desde $50 USD por persona.","https://xaliscotrips.lat/foodie-tour","https://xaliscotrips.lat/img/destinos/foodie.webp","yes","summary_large_image","Tour Gastronómico Tapatío | Comida Callejera | Xalisco Trips","Tour gastronómico privado en Guadalajara con birria, torta ahogada y tejuino. Recorrido por mercados locales, guía incluido y desde $50 USD por persona.","https://xaliscotrips.lat/img/destinos/foodie.webp"
"gracias.html","Xalisco Trips | Confirmación de pago y siguientes pasos","Confirmación de pago de Xalisco Trips. Revisa los siguientes pasos, completa tu registro o contacta por WhatsApp para coordinar tu tour y resolver dudas.","https://xaliscotrips.lat/gracias","Xalisco Trips | Confirmación de pago","Confirmación de pago de Xalisco Trips. Revisa los siguientes pasos, completa tu registro o contacta por WhatsApp para coordinar tu tour.","https://xaliscotrips.lat/gracias","https://xaliscotrips.lat/img/hero/portada-jalisco.webp","yes","summary_large_image","Xalisco Trips | Confirmación de pago","Confirmación de pago de Xalisco Trips. Revisa los siguientes pasos, completa tu registro o contacta por WhatsApp para coordinar tu tour y resolver dudas.","https://xaliscotrips.lat/img/hero/portada-jalisco.webp"
"guachimontones-en.html","Private Guachimontones Tour from Guadalajara | Xalisco Trips","Private tour to Guachimontones from Guadalajara. Circular pyramids, museum and valley views. Certified bilingual guide and door-to-door pickup.","https://xaliscotrips.lat/guachimontones-en","Private Guachimontones Tour from Guadalajara | Xalisco Trips","Private tour to Guachimontones from Guadalajara. Circular pyramids, museum and valley views. Certified bilingual guide and door-to-door pickup.","https://xaliscotrips.lat/guachimontones-en","https://xaliscotrips.lat/img/destinos/Guachimontones.webp","yes","summary_large_image","Private Guachimontones Tour from Guadalajara | Xalisco Trips","Private tour to Guachimontones from Guadalajara. Circular pyramids, museum and valley views. Certified bilingual guide and door-to-door pickup.","https://xaliscotrips.lat/img/destinos/Guachimontones.webp"
"guachimontones.html","Tour Guachimontones desde Guadalajara | Xalisco Trips","Tour privado a Guachimontones desde Guadalajara. Pirámides circulares, museo y vistas del valle. Guía bilingüe certificado y transporte puerta a puerta.","https://xaliscotrips.lat/guachimontones","Tour Guachimontones desde Guadalajara | Xalisco Trips","Tour privado a Guachimontones desde Guadalajara. Pirámides circulares, museo y vistas del valle. Guía bilingüe certificado y transporte puerta a puerta.","https://xaliscotrips.lat/guachimontones","https://xaliscotrips.lat/img/destinos/Guachimontones.webp","yes","summary_large_image","Tour Guachimontones desde Guadalajara | Xalisco Trips","Tour privado a Guachimontones desde Guadalajara. Pirámides circulares, museo y vistas del valle. Guía bilingüe certificado y transporte puerta a puerta.","https://xaliscotrips.lat/img/destinos/Guachimontones.webp"
"index-en.html","Private Tours in Guadalajara & Jalisco | Xalisco Trips","Certified private tours in Guadalajara, Tequila, Chapala, Tlaquepaque and Mazamitla. English-speaking local guide, hotel pickup and WhatsApp booking.","https://xaliscotrips.lat/index-en","Private Tours in Guadalajara & Jalisco | Xalisco Trips","Certified private tours in Guadalajara, Tequila, Chapala, Tlaquepaque and Mazamitla. English-speaking local guide, hotel pickup and WhatsApp booking.","https://xaliscotrips.lat/index-en","https://xaliscotrips.lat/img/hero/portada-jalisco.webp","yes","summary_large_image","Private Tours in Guadalajara & Jalisco | Xalisco Trips","Certified private tours in Guadalajara, Tequila, Chapala, Tlaquepaque and Mazamitla. English-speaking local guide, hotel pickup and WhatsApp booking.","https://xaliscotrips.lat/img/hero/portada-jalisco.webp"
"index.html","Tours Privados en Guadalajara y Jalisco | Xalisco Trips","Tours privados en Guadalajara con guía certificado Sectur. Tequila, Chapala, Guachimontones y más. Transporte desde $600 MXN. Respuesta en 15 min por WhatsApp.","https://xaliscotrips.lat/","Tours Privados en Guadalajara y Jalisco | Xalisco Trips","Tours privados en Guadalajara con guía certificado Sectur. Tequila, Chapala, Guachimontones y más. Transporte desde $600 MXN. Respuesta en 15 min por WhatsApp.","https://xaliscotrips.lat/","https://xaliscotrips.lat/img/hero/portada-jalisco.webp","yes","summary_large_image","Tours Privados en Guadalajara y Jalisco | Xalisco Trips","Tours privados en Guadalajara con guía certificado Sectur. Tequila, Chapala, Guachimontones y más. Transporte desde $600 MXN. Respuesta en 15 min por WhatsApp.","https://xaliscotrips.lat/img/hero/portada-jalisco.webp"
"mazamitla-en.html","Mazamitla Private Tour from Guadalajara | Xalisco Trips","Explore Mazamitla's pine forests and markets on a private bilingual day tour from Guadalajara. Small groups, hotel pickup included. Book via WhatsApp today.","https://xaliscotrips.lat/mazamitla-en","Mazamitla Private Tour from Guadalajara | Xalisco Trips","Explore Mazamitla","https://xaliscotrips.lat/mazamitla-en","https://xaliscotrips.lat/img/destinos/mazamitla.webp","yes","summary_large_image","Mazamitla Private Tour from Guadalajara | Xalisco Trips","Explore Mazamitla's pine forests and markets on a private bilingual day tour from Guadalajara. Small groups, hotel pickup included. Book via WhatsApp today.","https://xaliscotrips.lat/img/destinos/mazamitla.webp"
"mazamitla.html","Mazamitla Private Tour from Guadalajara | Xalisco Trips","Tour privado a Mazamitla, Jalisco. Bosques de pino, cascadas y Pueblo Mágico. Transporte, guía certificado y hotel pickup incluidos. Reserva por WhatsApp.","https://xaliscotrips.lat/mazamitla","Mazamitla Private Tour from Guadalajara | Xalisco Trips","Tour privado a Mazamitla, pueblo mágico montañoso a 2,200 metros. Cascadas, tirolesas, cabalgatas, bosques de pinos y aire fresco montañoso. 8-10 horas, guía local certificado. Reserva por WhatsApp.","https://xaliscotrips.lat/mazamitla","https://xaliscotrips.lat/img/destinos/mazamitla.webp","yes","summary_large_image","Mazamitla Private Tour from Guadalajara | Xalisco Trips","Tour privado a Mazamitla, pueblo mágico montañoso a 2,200 metros. Cascadas, tirolesas, cabalgatas, bosques de pinos y aire fresco montañoso. 8-10 horas, guía local certificado. Reserva por WhatsApp.","https://xaliscotrips.lat/img/destinos/mazamitla.webp"
"tequila-en.html","Tequila Jalisco Tour from Guadalajara | Xalisco Trips","Private bilingual tour to Tequila, Jalisco. Visit a distillery, taste agave spirits and explore the historic town center. Daily departures from Guadalajara.","https://xaliscotrips.lat/tequila-en","Tequila Jalisco Tour from Guadalajara | Xalisco Trips","Private bilingual tour to Tequila, Jalisco. Visit a distillery, taste agave spirits and explore the historic town center. Daily departures from Guadalajara.","https://xaliscotrips.lat/tequila-en","https://xaliscotrips.lat/img/hero/portada-jalisco.webp","yes","summary_large_image","Tequila Jalisco Tour from Guadalajara | Xalisco Trips","Private bilingual tour to Tequila, Jalisco. Visit a distillery, taste agave spirits and explore the historic town center. Daily departures from Guadalajara.","https://xaliscotrips.lat/img/hero/portada-jalisco.webp"
"tequila-guachimontones-en.html","Tequila + Guachimontones Tour from GDL | Xalisco Trips","Private tour from Guadalajara to Tequila and Guachimontones. Visit the distillery, archaeological site and Pueblo Mágico. Transport and bilingual guide included","https://xaliscotrips.lat/tequila-guachimontones-en","Tequila + Guachimontones Tour from GDL | Xalisco Trips","Private tour from Guadalajara to Tequila and Guachimontones. Visit the distillery, archaeological site and Pueblo Mágico. Transport and bilingual guide included","https://xaliscotrips.lat/tequila-guachimontones-en","https://xaliscotrips.lat/img/hero/portada-jalisco.webp","yes","summary_large_image","Tequila + Guachimontones Tour from GDL | Xalisco Trips","Private tour from Guadalajara to Tequila and Guachimontones. Visit the distillery, archaeological site and Pueblo Mágico. Transport and bilingual guide included","https://xaliscotrips.lat/img/hero/portada-jalisco.webp"
"tequila-guachimontones.html","Tour Tequila + Guachimontones Guadalajara | Xalisco Trips","Tour privado desde Guadalajara a Tequila y Guachimontones. Zona arqueológica, destilería y Pueblo Mágico. Transporte y guía bilingüe incluidos.","https://xaliscotrips.lat/tequila-guachimontones","Tour Tequila + Guachimontones Guadalajara | Xalisco Trips","Tour privado desde Guadalajara a Tequila y Guachimontones. Zona arqueológica, destilería y Pueblo Mágico. Transporte y guía bilingüe incluidos.","https://xaliscotrips.lat/tequila-guachimontones","https://xaliscotrips.lat/img/hero/portada-jalisco.webp","yes","summary_large_image","Tour Tequila + Guachimontones Guadalajara | Xalisco Trips","Tour privado desde Guadalajara a Tequila y Guachimontones. Zona arqueológica, destilería y Pueblo Mágico. Transporte y guía bilingüe incluidos.","https://xaliscotrips.lat/img/hero/portada-jalisco.webp"
"tequila.html","Tour Tequila Jalisco desde Guadalajara | Xalisco Trips","Tour privado a Tequila, Jalisco desde Guadalajara. Destilería, agave y Pueblo Mágico UNESCO. Guía certificado y transporte incluidos. Reserva por WhatsApp.","https://xaliscotrips.lat/tequila","Tour Tequila Jalisco desde Guadalajara | Xalisco Trips","Tour privado a Tequila, Jalisco desde Guadalajara. Destilería artesanal, campos de agave azul y pueblo histórico. Guía certificado y transporte incluidos. Reserva por WhatsApp.","https://xaliscotrips.lat/tequila","https://xaliscotrips.lat/img/destinos/tequila.webp","yes","summary_large_image","Tour Tequila Jalisco desde Guadalajara | Xalisco Trips","Tour privado a Tequila, Jalisco desde Guadalajara. Destilería artesanal, campos de agave azul y pueblo histórico. Guía certificado y transporte incluidos. Reserva por WhatsApp.","https://xaliscotrips.lat/img/destinos/tequila.webp"
"tlaquepaque-en.html","Tlaquepaque Private Tour from Guadalajara | Xalisco Trips","Private Tlaquepaque tour from Guadalajara. Mexican art galleries, live mariachi, handicrafts and cobblestone streets. Certified bilingual guide and hotel pickup","https://xaliscotrips.lat/tlaquepaque-en","Tlaquepaque Private Tour from Guadalajara | Xalisco Trips","Private Tlaquepaque tour from Guadalajara. Mexican art galleries, live mariachi, handicrafts and cobblestone streets. Certified bilingual guide and hotel pickup","https://xaliscotrips.lat/tlaquepaque-en","https://xaliscotrips.lat/img/destinos/tlaquepaque.webp","yes","summary_large_image","Tlaquepaque Private Tour from Guadalajara | Xalisco Trips","Private Tlaquepaque tour from Guadalajara. Mexican art galleries, live mariachi, handicrafts and cobblestone streets. Certified bilingual guide and hotel pickup","https://xaliscotrips.lat/img/destinos/tlaquepaque.webp"
"tlaquepaque.html","Tour Privado Tlaquepaque desde Guadalajara | Xalisco Trips","Tour Tlaquepaque desde Guadalajara · Galerías de arte mexicano, mariachis en vivo, artesanías. 4-6 horas tour privado. Desde $35 USD. 5★ Viator","https://xaliscotrips.lat/tlaquepaque","Tour Tlaquepaque desde Guadalajara | Arte y Mariachis | Xalisco Trips","Tour Tlaquepaque desde Guadalajara · Galerías de arte mexicano, mariachis en vivo, artesanías. 4-6 horas tour privado. Desde $35 USD. 5★ Viator","https://xaliscotrips.lat/tlaquepaque","https://xaliscotrips.lat/img/destinos/tlaquepaque.webp","yes","summary_large_image","Tlaquepaque Tour from Guadalajara | Xalisco Trips","Tour Tlaquepaque desde Guadalajara · Galerías de arte mexicano, mariachis en vivo, artesanías. 4-6 horas tour privado. Desde $35 USD. 5★ Viator","https://xaliscotrips.lat/img/destinos/tlaquepaque.webp"
"tonala-tlaquepaque-en.html","Tonalá + Tlaquepaque Tour | Private Guadalajara Tours","Private Tonalá + Tlaquepaque combo tour from Guadalajara. Artisan market, ceramic workshops and live mariachi. Transport and guide included. Flexible itinerary.","https://xaliscotrips.lat/tonala-tlaquepaque-en","Tonalá + Tlaquepaque Tour | Private Guadalajara Tours | Xalisco Trips","Private Tonalá + Tlaquepaque combo tour from Guadalajara. Artisan market, ceramic workshops and live mariachi. Transport and guide included. Flexible itinerary.","https://xaliscotrips.lat/tonala-tlaquepaque-en","https://xaliscotrips.lat/img/destinos/tonala.webp","yes","summary_large_image","Tonalá + Tlaquepaque Tour | Private Guadalajara Tours | Xalisco Trips","Private Tonalá + Tlaquepaque combo tour from Guadalajara. Artisan market, ceramic workshops and live mariachi. Transport and guide included. Flexible itinerary.","https://xaliscotrips.lat/img/destinos/tonala.webp"
"tonala-tlaquepaque.html","Tour Tonalá + Tlaquepaque | Tours Privados Guadalajara","Tour Tonalá + Tlaquepaque desde Guadalajara. Mercado artesanal, talleres de cerámica y mariachis en vivo. Transporte y guía incluidos. Itinerario flexible.","https://xaliscotrips.lat/tonala-tlaquepaque","Tour Tonalá + Tlaquepaque | Tours Privados Guadalajara","Tour Tonalá + Tlaquepaque desde Guadalajara. Mercado artesanal, talleres de cerámica y mariachis en vivo. Transporte y guía incluidos. Itinerario flexible.","https://xaliscotrips.lat/tonala-tlaquepaque","https://xaliscotrips.lat/img/destinos/tonala.webp","yes","summary_large_image","Tour Tonalá + Tlaquepaque | Tours Privados Guadalajara","Tour Tonalá + Tlaquepaque desde Guadalajara. Mercado artesanal, talleres de cerámica y mariachis en vivo. Transporte y guía incluidos. Itinerario flexible.","https://xaliscotrips.lat/img/destinos/tonala.webp"
"world-cup-2026-guadalajara-tours-es.html","Tours Privados Guadalajara Mundial 2026 | Xalisco Trips","Tours privados en Guadalajara durante el Mundial FIFA 2026. Tequila, Chapala, Guachimontones y más entre partidos. Guía certificado y reserva por WhatsApp.","https://xaliscotrips.lat/world-cup-2026-guadalajara-tours-es","Tours Privados Guadalajara Mundial 2026 | Xalisco Trips","Tours privados en Guadalajara durante el Mundial FIFA 2026. Tequila, Chapala, Guachimontones y más entre partidos. Guía certificado y reserva por WhatsApp.","https://xaliscotrips.lat/world-cup-2026-guadalajara-tours-es","https://xaliscotrips.lat/img/hero/portada-jalisco.webp","yes","summary_large_image","Tours Privados Guadalajara Mundial 2026 | Xalisco Trips","Tours privados en Guadalajara durante el Mundial FIFA 2026. Tequila, Chapala, Guachimontones y más entre partidos. Guía certificado y reserva por WhatsApp.","https://xaliscotrips.lat/img/hero/portada-jalisco.webp"
"world-cup-2026-guadalajara-tours.html","Guadalajara World Cup 2026 Private Tours | Xalisco Trips","Explore Guadalajara and Jalisco during the 2026 World Cup. Private day trips to Tequila, Chapala, Guachimontones and Tlaquepaque. Bilingual guide.","https://xaliscotrips.lat/world-cup-2026-guadalajara-tours","Guadalajara World Cup 2026 Private Tours | Xalisco Trips","Explore Guadalajara and Jalisco during the 2026 World Cup. Private day trips to Tequila, Chapala, Guachimontones and Tlaquepaque. Bilingual guide.","https://xaliscotrips.lat/world-cup-2026-guadalajara-tours","https://xaliscotrips.lat/img/hero/portada-jalisco.webp","yes","summary_large_image","Guadalajara World Cup 2026 Private Tours | Xalisco Trips","Explore Guadalajara and Jalisco during the 2026 World Cup. Private day trips to Tequila, Chapala, Guachimontones and Tlaquepaque. Bilingual guide.","https://xaliscotrips.lat/img/hero/portada-jalisco.webp"